-- phpMyAdmin SQL Dump
-- version 4.8.4
-- https://www.phpmyadmin.net/
--
-- Hôte : 127.0.0.1:3306
-- Généré le :  lun. 03 juin 2019 à 08:47
-- Version du serveur :  5.7.24
-- Version de PHP :  7.2.14

SET SQL_MODE = "NO_AUTO_VALUE_ON_ZERO";
SET AUTOCOMMIT = 0;
START TRANSACTION;
SET time_zone = "+00:00";


/*!40101 SET @OLD_CHARACTER_SET_CLIENT=@@CHARACTER_SET_CLIENT */;
/*!40101 SET @OLD_CHARACTER_SET_RESULTS=@@CHARACTER_SET_RESULTS */;
/*!40101 SET @OLD_COLLATION_CONNECTION=@@COLLATION_CONNECTION */;
/*!40101 SET NAMES utf8mb4 */;

--
-- Base de données :  `boulder_dash`
--

DELIMITER $$
--
-- Procédures
--
DROP PROCEDURE IF EXISTS `count_levels`$$
CREATE DEFINER=`root`@`localhost` PROCEDURE `count_levels` ()  BEGIN

	SELECT COUNT(id_level) AS levels_count FROM levels;

END$$

DROP PROCEDURE IF EXISTS `levelselection`$$
CREATE DEFINER=`root`@`localhost` PROCEDURE `levelselection` (IN `p_id_level` INT)  BEGIN
	SELECT * 
    FROM levels
    WHERE id_level = p_id_level;

END$$

DROP PROCEDURE IF EXISTS `select_all_sprites`$$
CREATE DEFINER=`root`@`localhost` PROCEDURE `select_all_sprites` ()  NO SQL
BEGIN

	SELECT * FROM sprites;

END$$

DROP PROCEDURE IF EXISTS `spriteposition`$$
CREATE DEFINER=`root`@`localhost` PROCEDURE `spriteposition` (IN `p_id_sprite` INT)  BEGIN
    SELECT name,image,animation,x,y 
    FROM levels_sprites
    INNER JOIN sprites ON levels_sprites.id_sprite = sprites.id_sprite 
    WHERE id_level = p_id_sprite;
END$$

DELIMITER ;

-- --------------------------------------------------------

--
-- Structure de la table `levels`
--

DROP TABLE IF EXISTS `levels`;
CREATE TABLE IF NOT EXISTS `levels` (
  `id_level` int(11) NOT NULL AUTO_INCREMENT,
  `time` int(11) NOT NULL,
  `width` int(11) NOT NULL,
  `height` int(11) NOT NULL,
  PRIMARY KEY (`id_level`)
) ENGINE=InnoDB AUTO_INCREMENT=6 DEFAULT CHARSET=utf8;

--
-- Déchargement des données de la table `levels`
--

INSERT INTO `levels` (`id_level`, `time`, `width`, `height`) VALUES
(1, 500000000, 10, 23),
(2, 15000000, 16, 8),
(3, 0, 0, 6),
(4, 0, 0, 12),
(5, 0, 0, 23);

-- --------------------------------------------------------

--
-- Structure de la table `levels_sprites`
--

DROP TABLE IF EXISTS `levels_sprites`;
CREATE TABLE IF NOT EXISTS `levels_sprites` (
  `id_level` int(11) NOT NULL,
  `id_sprite` int(11) NOT NULL,
  `x` int(11) NOT NULL,
  `y` int(11) NOT NULL,
  PRIMARY KEY (`id_level`,`x`,`y`),
  KEY `level_sprite_sprite_FK` (`id_sprite`)
) ENGINE=InnoDB DEFAULT CHARSET=utf8;

--
-- Déchargement des données de la table `levels_sprites`
--

INSERT INTO `levels_sprites` (`id_level`, `id_sprite`, `x`, `y`) VALUES
(1, 1, 1, 15),
(1, 1, 20, 2),
(1, 1, 21, 9),
(1, 1, 24, 13),
(2, 1, 3, 6),
(2, 1, 13, 4),
(3, 1, 5, 12),
(3, 1, 5, 14),
(3, 1, 8, 3),
(3, 1, 19, 3),
(3, 1, 21, 13),
(4, 1, 4, 8),
(4, 1, 5, 10),
(4, 1, 7, 5),
(4, 1, 17, 5),
(5, 1, 10, 13),
(5, 1, 13, 6),
(5, 1, 18, 10),
(5, 1, 19, 3),
(5, 1, 24, 10),
(1, 2, 6, 1),
(1, 2, 8, 11),
(1, 2, 9, 11),
(1, 2, 10, 2),
(1, 2, 11, 2),
(1, 2, 14, 2),
(1, 2, 15, 2),
(1, 2, 20, 1),
(2, 2, 2, 5),
(2, 2, 4, 3),
(2, 2, 6, 2),
(2, 2, 7, 2),
(2, 2, 9, 2),
(2, 2, 12, 4),
(2, 2, 13, 1),
(2, 2, 13, 6),
(2, 2, 14, 4),
(3, 2, 4, 8),
(3, 2, 6, 5),
(3, 2, 7, 8),
(3, 2, 7, 13),
(3, 2, 7, 14),
(3, 2, 10, 2),
(3, 2, 10, 5),
(3, 2, 10, 8),
(3, 2, 12, 9),
(3, 2, 14, 4),
(3, 2, 14, 11),
(3, 2, 17, 4),
(3, 2, 17, 13),
(3, 2, 18, 1),
(3, 2, 18, 2),
(3, 2, 18, 7),
(3, 2, 18, 9),
(3, 2, 19, 2),
(3, 2, 20, 2),
(3, 2, 21, 5),
(3, 2, 22, 4),
(3, 2, 22, 5),
(3, 2, 23, 5),
(3, 2, 24, 4),
(4, 2, 2, 5),
(4, 2, 3, 5),
(4, 2, 9, 10),
(4, 2, 9, 11),
(4, 2, 11, 2),
(4, 2, 12, 2),
(4, 2, 13, 2),
(4, 2, 16, 1),
(5, 2, 2, 2),
(5, 2, 4, 4),
(5, 2, 5, 5),
(5, 2, 5, 8),
(5, 2, 7, 7),
(5, 2, 11, 5),
(5, 2, 11, 11),
(5, 2, 12, 6),
(5, 2, 12, 11),
(5, 2, 15, 6),
(5, 2, 18, 9),
(5, 2, 22, 1),
(5, 2, 22, 2),
(1, 3, 4, 13),
(1, 3, 5, 7),
(1, 3, 19, 13),
(1, 3, 20, 6),
(2, 3, 4, 5),
(2, 3, 6, 6),
(2, 3, 8, 4),
(2, 3, 12, 5),
(2, 3, 13, 3),
(3, 3, 1, 13),
(3, 3, 2, 5),
(3, 3, 3, 13),
(3, 3, 12, 13),
(3, 3, 14, 7),
(3, 3, 16, 1),
(3, 3, 21, 10),
(4, 3, 2, 8),
(4, 3, 5, 11),
(4, 3, 17, 4),
(5, 3, 1, 11),
(5, 3, 7, 5),
(5, 3, 7, 12),
(5, 3, 7, 15),
(5, 3, 11, 9),
(5, 3, 12, 14),
(5, 3, 19, 7),
(5, 3, 22, 10),
(1, 4, 1, 4),
(2, 4, 2, 1),
(3, 4, 2, 3),
(4, 4, 1, 1),
(5, 4, 1, 1),
(1, 5, 1, 8),
(1, 5, 2, 8),
(1, 5, 3, 8),
(1, 5, 4, 8),
(1, 5, 5, 5),
(1, 5, 5, 8),
(1, 5, 5, 14),
(1, 5, 6, 2),
(1, 5, 6, 5),
(1, 5, 6, 8),
(1, 5, 6, 14),
(1, 5, 7, 5),
(1, 5, 7, 8),
(1, 5, 7, 14),
(1, 5, 8, 5),
(1, 5, 8, 8),
(1, 5, 8, 12),
(1, 5, 8, 14),
(1, 5, 8, 15),
(1, 5, 9, 5),
(1, 5, 9, 7),
(1, 5, 9, 12),
(1, 5, 9, 14),
(1, 5, 9, 15),
(1, 5, 10, 3),
(1, 5, 10, 7),
(1, 5, 10, 15),
(1, 5, 11, 3),
(1, 5, 11, 7),
(1, 5, 11, 15),
(1, 5, 12, 1),
(1, 5, 12, 2),
(1, 5, 12, 3),
(1, 5, 12, 4),
(1, 5, 12, 5),
(1, 5, 12, 6),
(1, 5, 12, 11),
(1, 5, 12, 12),
(1, 5, 12, 13),
(1, 5, 12, 14),
(1, 5, 12, 15),
(1, 5, 13, 1),
(1, 5, 13, 2),
(1, 5, 13, 3),
(1, 5, 13, 4),
(1, 5, 13, 5),
(1, 5, 13, 6),
(1, 5, 13, 11),
(1, 5, 13, 12),
(1, 5, 13, 13),
(1, 5, 13, 14),
(1, 5, 13, 15),
(1, 5, 14, 3),
(1, 5, 14, 7),
(1, 5, 14, 10),
(1, 5, 15, 3),
(1, 5, 15, 7),
(1, 5, 15, 10),
(1, 5, 16, 5),
(1, 5, 16, 7),
(1, 5, 16, 10),
(1, 5, 16, 15),
(1, 5, 17, 5),
(1, 5, 17, 7),
(1, 5, 17, 10),
(1, 5, 17, 15),
(1, 5, 18, 5),
(1, 5, 18, 7),
(1, 5, 18, 10),
(1, 5, 18, 14),
(1, 5, 19, 5),
(1, 5, 19, 7),
(1, 5, 19, 10),
(1, 5, 19, 14),
(1, 5, 20, 5),
(1, 5, 20, 7),
(1, 5, 20, 14),
(1, 5, 21, 7),
(1, 5, 22, 7),
(1, 5, 23, 7),
(1, 5, 23, 13),
(1, 5, 24, 7),
(2, 5, 2, 3),
(2, 5, 2, 4),
(2, 5, 2, 6),
(2, 5, 3, 3),
(2, 5, 3, 4),
(2, 5, 3, 5),
(2, 5, 4, 1),
(2, 5, 4, 2),
(2, 5, 4, 4),
(2, 5, 4, 6),
(2, 5, 5, 1),
(2, 5, 5, 2),
(2, 5, 5, 3),
(2, 5, 6, 1),
(2, 5, 7, 1),
(2, 5, 7, 3),
(2, 5, 7, 5),
(2, 5, 7, 6),
(2, 5, 8, 1),
(2, 5, 8, 2),
(2, 5, 8, 3),
(2, 5, 8, 5),
(2, 5, 8, 6),
(2, 5, 9, 1),
(2, 5, 9, 5),
(2, 5, 9, 6),
(2, 5, 10, 1),
(2, 5, 10, 2),
(2, 5, 10, 3),
(2, 5, 10, 4),
(2, 5, 10, 5),
(2, 5, 10, 6),
(2, 5, 11, 2),
(2, 5, 11, 6),
(2, 5, 12, 2),
(2, 5, 12, 6),
(2, 5, 13, 2),
(2, 5, 13, 5),
(2, 5, 14, 1),
(2, 5, 14, 2),
(2, 5, 14, 3),
(2, 5, 14, 5),
(2, 5, 14, 6),
(3, 5, 1, 2),
(3, 5, 1, 3),
(3, 5, 1, 5),
(3, 5, 1, 6),
(3, 5, 1, 7),
(3, 5, 1, 15),
(3, 5, 2, 2),
(3, 5, 2, 9),
(3, 5, 2, 15),
(3, 5, 3, 2),
(3, 5, 3, 3),
(3, 5, 3, 5),
(3, 5, 3, 6),
(3, 5, 3, 7),
(3, 5, 3, 8),
(3, 5, 3, 9),
(3, 5, 4, 1),
(3, 5, 4, 2),
(3, 5, 4, 3),
(3, 5, 4, 5),
(3, 5, 4, 6),
(3, 5, 4, 7),
(3, 5, 4, 9),
(3, 5, 4, 13),
(3, 5, 4, 14),
(3, 5, 5, 1),
(3, 5, 5, 2),
(3, 5, 5, 3),
(3, 5, 5, 4),
(3, 5, 5, 7),
(3, 5, 5, 8),
(3, 5, 5, 9),
(3, 5, 6, 1),
(3, 5, 6, 2),
(3, 5, 6, 3),
(3, 5, 6, 4),
(3, 5, 6, 6),
(3, 5, 6, 7),
(3, 5, 6, 8),
(3, 5, 6, 9),
(3, 5, 6, 15),
(3, 5, 7, 1),
(3, 5, 7, 2),
(3, 5, 7, 3),
(3, 5, 7, 4),
(3, 5, 7, 5),
(3, 5, 7, 9),
(3, 5, 8, 1),
(3, 5, 8, 2),
(3, 5, 8, 4),
(3, 5, 9, 1),
(3, 5, 9, 2),
(3, 5, 9, 3),
(3, 5, 9, 6),
(3, 5, 9, 7),
(3, 5, 9, 8),
(3, 5, 9, 9),
(3, 5, 9, 11),
(3, 5, 9, 12),
(3, 5, 9, 14),
(3, 5, 10, 3),
(3, 5, 10, 6),
(3, 5, 10, 9),
(3, 5, 10, 12),
(3, 5, 10, 14),
(3, 5, 11, 3),
(3, 5, 11, 4),
(3, 5, 11, 5),
(3, 5, 11, 8),
(3, 5, 11, 10),
(3, 5, 11, 11),
(3, 5, 11, 12),
(3, 5, 11, 15),
(3, 5, 12, 1),
(3, 5, 12, 2),
(3, 5, 12, 3),
(3, 5, 12, 6),
(3, 5, 12, 10),
(3, 5, 12, 14),
(3, 5, 13, 2),
(3, 5, 13, 4),
(3, 5, 13, 6),
(3, 5, 13, 7),
(3, 5, 13, 8),
(3, 5, 13, 9),
(3, 5, 13, 11),
(3, 5, 14, 1),
(3, 5, 14, 2),
(3, 5, 14, 3),
(3, 5, 14, 5),
(3, 5, 14, 6),
(3, 5, 14, 8),
(3, 5, 14, 9),
(3, 5, 14, 10),
(3, 5, 14, 12),
(3, 5, 14, 14),
(3, 5, 15, 4),
(3, 5, 15, 6),
(3, 5, 15, 7),
(3, 5, 15, 8),
(3, 5, 15, 9),
(3, 5, 15, 10),
(3, 5, 15, 12),
(3, 5, 15, 14),
(3, 5, 16, 3),
(3, 5, 16, 4),
(3, 5, 16, 7),
(3, 5, 16, 12),
(3, 5, 16, 13),
(3, 5, 16, 15),
(3, 5, 17, 5),
(3, 5, 17, 6),
(3, 5, 17, 7),
(3, 5, 17, 8),
(3, 5, 17, 9),
(3, 5, 17, 10),
(3, 5, 17, 11),
(3, 5, 17, 14),
(3, 5, 18, 3),
(3, 5, 18, 4),
(3, 5, 18, 5),
(3, 5, 18, 8),
(3, 5, 18, 10),
(3, 5, 18, 11),
(3, 5, 18, 13),
(3, 5, 18, 14),
(3, 5, 19, 1),
(3, 5, 19, 4),
(3, 5, 19, 7),
(3, 5, 19, 8),
(3, 5, 19, 11),
(3, 5, 19, 13),
(3, 5, 20, 1),
(3, 5, 20, 3),
(3, 5, 20, 4),
(3, 5, 20, 5),
(3, 5, 20, 6),
(3, 5, 20, 7),
(3, 5, 20, 8),
(3, 5, 20, 9),
(3, 5, 20, 10),
(3, 5, 20, 11),
(3, 5, 20, 12),
(3, 5, 20, 13),
(3, 5, 20, 14),
(3, 5, 20, 15),
(3, 5, 21, 1),
(3, 5, 21, 2),
(3, 5, 21, 3),
(3, 5, 21, 4),
(3, 5, 21, 6),
(3, 5, 21, 7),
(3, 5, 21, 15),
(3, 5, 22, 1),
(3, 5, 22, 3),
(3, 5, 22, 6),
(3, 5, 22, 7),
(3, 5, 22, 11),
(3, 5, 22, 12),
(3, 5, 22, 14),
(3, 5, 22, 15),
(3, 5, 23, 1),
(3, 5, 23, 2),
(3, 5, 23, 3),
(3, 5, 23, 4),
(3, 5, 23, 6),
(3, 5, 23, 7),
(3, 5, 23, 10),
(3, 5, 23, 11),
(3, 5, 23, 12),
(3, 5, 23, 15),
(3, 5, 24, 1),
(3, 5, 24, 2),
(3, 5, 24, 3),
(3, 5, 24, 5),
(3, 5, 24, 6),
(3, 5, 24, 7),
(3, 5, 24, 15),
(4, 5, 1, 2),
(4, 5, 1, 4),
(4, 5, 1, 5),
(4, 5, 1, 6),
(4, 5, 1, 7),
(4, 5, 1, 8),
(4, 5, 1, 9),
(4, 5, 1, 10),
(4, 5, 1, 11),
(4, 5, 2, 1),
(4, 5, 2, 2),
(4, 5, 2, 4),
(4, 5, 2, 6),
(4, 5, 2, 9),
(4, 5, 2, 10),
(4, 5, 2, 11),
(4, 5, 3, 1),
(4, 5, 3, 2),
(4, 5, 3, 4),
(4, 5, 3, 6),
(4, 5, 3, 9),
(4, 5, 3, 10),
(4, 5, 3, 11),
(4, 5, 4, 1),
(4, 5, 4, 2),
(4, 5, 4, 4),
(4, 5, 4, 5),
(4, 5, 4, 6),
(4, 5, 5, 1),
(4, 5, 5, 2),
(4, 5, 5, 4),
(4, 5, 6, 1),
(4, 5, 6, 2),
(4, 5, 6, 4),
(4, 5, 6, 5),
(4, 5, 6, 6),
(4, 5, 6, 7),
(4, 5, 6, 8),
(4, 5, 7, 1),
(4, 5, 7, 2),
(4, 5, 7, 4),
(4, 5, 8, 1),
(4, 5, 8, 2),
(4, 5, 8, 4),
(4, 5, 8, 7),
(4, 5, 8, 8),
(4, 5, 9, 1),
(4, 5, 9, 2),
(4, 5, 9, 4),
(4, 5, 9, 7),
(4, 5, 9, 8),
(4, 5, 10, 1),
(4, 5, 10, 2),
(4, 5, 10, 4),
(4, 5, 10, 7),
(4, 5, 10, 8),
(4, 5, 10, 10),
(4, 5, 10, 11),
(4, 5, 11, 1),
(4, 5, 11, 3),
(4, 5, 11, 4),
(4, 5, 11, 7),
(4, 5, 11, 8),
(4, 5, 11, 10),
(4, 5, 11, 11),
(4, 5, 12, 1),
(4, 5, 12, 3),
(4, 5, 12, 4),
(4, 5, 12, 7),
(4, 5, 12, 8),
(4, 5, 12, 10),
(4, 5, 12, 11),
(4, 5, 13, 1),
(4, 5, 13, 3),
(4, 5, 13, 4),
(4, 5, 13, 7),
(4, 5, 13, 8),
(4, 5, 13, 9),
(4, 5, 13, 10),
(4, 5, 13, 11),
(4, 5, 14, 1),
(4, 5, 14, 2),
(4, 5, 14, 3),
(4, 5, 14, 4),
(4, 5, 14, 7),
(4, 5, 14, 8),
(4, 5, 14, 9),
(4, 5, 14, 10),
(4, 5, 14, 11),
(4, 5, 15, 1),
(4, 5, 15, 7),
(4, 5, 15, 8),
(4, 5, 15, 9),
(4, 5, 15, 10),
(4, 5, 15, 11),
(4, 5, 16, 2),
(4, 5, 16, 3),
(4, 5, 16, 4),
(4, 5, 16, 5),
(4, 5, 16, 6),
(4, 5, 16, 7),
(4, 5, 17, 7),
(4, 5, 17, 8),
(4, 5, 17, 9),
(4, 5, 17, 10),
(4, 5, 17, 11),
(5, 5, 0, 3),
(5, 5, 0, 4),
(5, 5, 1, 5),
(5, 5, 1, 9),
(5, 5, 1, 12),
(5, 5, 2, 3),
(5, 5, 2, 7),
(5, 5, 2, 12),
(5, 5, 3, 1),
(5, 5, 3, 2),
(5, 5, 3, 3),
(5, 5, 3, 4),
(5, 5, 3, 9),
(5, 5, 3, 10),
(5, 5, 3, 11),
(5, 5, 3, 12),
(5, 5, 3, 13),
(5, 5, 4, 3),
(5, 5, 4, 5),
(5, 5, 4, 11),
(5, 5, 4, 13),
(5, 5, 5, 1),
(5, 5, 5, 3),
(5, 5, 5, 9),
(5, 5, 5, 11),
(5, 5, 5, 13),
(5, 5, 6, 1),
(5, 5, 6, 3),
(5, 5, 6, 4),
(5, 5, 6, 8),
(5, 5, 6, 9),
(5, 5, 6, 10),
(5, 5, 6, 11),
(5, 5, 6, 13),
(5, 5, 7, 1),
(5, 5, 7, 2),
(5, 5, 7, 3),
(5, 5, 7, 4),
(5, 5, 7, 8),
(5, 5, 7, 13),
(5, 5, 8, 1),
(5, 5, 8, 2),
(5, 5, 8, 3),
(5, 5, 8, 4),
(5, 5, 8, 8),
(5, 5, 8, 9),
(5, 5, 8, 10),
(5, 5, 8, 11),
(5, 5, 8, 13),
(5, 5, 9, 1),
(5, 5, 9, 2),
(5, 5, 9, 3),
(5, 5, 9, 11),
(5, 5, 10, 1),
(5, 5, 10, 2),
(5, 5, 10, 3),
(5, 5, 10, 7),
(5, 5, 10, 8),
(5, 5, 10, 9),
(5, 5, 10, 12),
(5, 5, 11, 6),
(5, 5, 11, 12),
(5, 5, 12, 1),
(5, 5, 12, 2),
(5, 5, 12, 3),
(5, 5, 12, 4),
(5, 5, 12, 7),
(5, 5, 12, 12),
(5, 5, 12, 15),
(5, 5, 13, 1),
(5, 5, 13, 2),
(5, 5, 13, 3),
(5, 5, 13, 4),
(5, 5, 13, 7),
(5, 5, 13, 9),
(5, 5, 13, 15),
(5, 5, 14, 10),
(5, 5, 14, 15),
(5, 5, 15, 1),
(5, 5, 15, 2),
(5, 5, 15, 3),
(5, 5, 15, 4),
(5, 5, 15, 7),
(5, 5, 16, 1),
(5, 5, 16, 2),
(5, 5, 16, 3),
(5, 5, 16, 7),
(5, 5, 17, 1),
(5, 5, 17, 2),
(5, 5, 17, 11),
(5, 5, 17, 13),
(5, 5, 17, 14),
(5, 5, 17, 15),
(5, 5, 18, 1),
(5, 5, 18, 11),
(5, 5, 18, 13),
(5, 5, 18, 14),
(5, 5, 18, 15),
(5, 5, 19, 1),
(5, 5, 19, 9),
(5, 5, 19, 11),
(5, 5, 20, 3),
(5, 5, 20, 4),
(5, 5, 20, 5),
(5, 5, 20, 6),
(5, 5, 20, 7),
(5, 5, 20, 8),
(5, 5, 20, 9),
(5, 5, 21, 11),
(5, 5, 22, 3),
(5, 5, 22, 11),
(5, 5, 23, 1),
(5, 5, 23, 2),
(5, 5, 23, 3),
(5, 5, 23, 11),
(5, 5, 24, 9),
(5, 5, 24, 11),
(1, 6, 0, 0),
(1, 6, 0, 1),
(1, 6, 0, 2),
(1, 6, 0, 3),
(1, 6, 0, 4),
(1, 6, 0, 5),
(1, 6, 0, 6),
(1, 6, 0, 7),
(1, 6, 0, 8),
(1, 6, 0, 9),
(1, 6, 0, 10),
(1, 6, 0, 11),
(1, 6, 0, 12),
(1, 6, 0, 13),
(1, 6, 0, 14),
(1, 6, 0, 15),
(1, 6, 0, 16),
(1, 6, 1, 0),
(1, 6, 1, 1),
(1, 6, 1, 2),
(1, 6, 1, 5),
(1, 6, 1, 10),
(1, 6, 1, 14),
(1, 6, 1, 16),
(1, 6, 2, 0),
(1, 6, 2, 1),
(1, 6, 2, 5),
(1, 6, 2, 10),
(1, 6, 2, 14),
(1, 6, 2, 16),
(1, 6, 3, 0),
(1, 6, 3, 1),
(1, 6, 3, 5),
(1, 6, 3, 10),
(1, 6, 3, 14),
(1, 6, 3, 16),
(1, 6, 4, 0),
(1, 6, 4, 5),
(1, 6, 4, 10),
(1, 6, 4, 14),
(1, 6, 4, 16),
(1, 6, 5, 0),
(1, 6, 5, 10),
(1, 6, 5, 16),
(1, 6, 6, 0),
(1, 6, 6, 10),
(1, 6, 6, 16),
(1, 6, 7, 0),
(1, 6, 7, 10),
(1, 6, 7, 16),
(1, 6, 8, 0),
(1, 6, 8, 10),
(1, 6, 8, 16),
(1, 6, 9, 0),
(1, 6, 9, 10),
(1, 6, 9, 16),
(1, 6, 10, 0),
(1, 6, 10, 10),
(1, 6, 10, 16),
(1, 6, 11, 0),
(1, 6, 11, 10),
(1, 6, 11, 16),
(1, 6, 12, 0),
(1, 6, 12, 7),
(1, 6, 12, 8),
(1, 6, 12, 9),
(1, 6, 12, 10),
(1, 6, 12, 16),
(1, 6, 13, 0),
(1, 6, 13, 7),
(1, 6, 13, 8),
(1, 6, 13, 9),
(1, 6, 13, 10),
(1, 6, 13, 16),
(1, 6, 14, 0),
(1, 6, 14, 16),
(1, 6, 15, 0),
(1, 6, 15, 16),
(1, 6, 16, 0),
(1, 6, 16, 16),
(1, 6, 17, 0),
(1, 6, 17, 16),
(1, 6, 18, 0),
(1, 6, 18, 16),
(1, 6, 19, 0),
(1, 6, 19, 1),
(1, 6, 19, 2),
(1, 6, 19, 3),
(1, 6, 19, 16),
(1, 6, 20, 0),
(1, 6, 20, 3),
(1, 6, 20, 10),
(1, 6, 20, 16),
(1, 6, 21, 0),
(1, 6, 21, 5),
(1, 6, 21, 10),
(1, 6, 21, 14),
(1, 6, 21, 16),
(1, 6, 22, 0),
(1, 6, 22, 5),
(1, 6, 22, 9),
(1, 6, 22, 10),
(1, 6, 22, 14),
(1, 6, 22, 16),
(1, 6, 23, 0),
(1, 6, 23, 1),
(1, 6, 23, 5),
(1, 6, 23, 8),
(1, 6, 23, 9),
(1, 6, 23, 10),
(1, 6, 23, 12),
(1, 6, 23, 14),
(1, 6, 23, 16),
(1, 6, 24, 0),
(1, 6, 24, 1),
(1, 6, 24, 2),
(1, 6, 24, 5),
(1, 6, 24, 8),
(1, 6, 24, 9),
(1, 6, 24, 10),
(1, 6, 24, 12),
(1, 6, 24, 14),
(1, 6, 24, 16),
(1, 6, 25, 0),
(1, 6, 25, 1),
(1, 6, 25, 2),
(1, 6, 25, 3),
(1, 6, 25, 4),
(1, 6, 25, 5),
(1, 6, 25, 6),
(1, 6, 25, 7),
(1, 6, 25, 8),
(1, 6, 25, 9),
(1, 6, 25, 10),
(1, 6, 25, 11),
(1, 6, 25, 12),
(1, 6, 25, 13),
(1, 6, 25, 14),
(1, 6, 25, 15),
(1, 6, 25, 16),
(2, 6, 0, 0),
(2, 6, 0, 1),
(2, 6, 0, 2),
(2, 6, 0, 3),
(2, 6, 0, 4),
(2, 6, 0, 5),
(2, 6, 0, 6),
(2, 6, 0, 7),
(2, 6, 1, 0),
(2, 6, 1, 2),
(2, 6, 1, 7),
(2, 6, 2, 0),
(2, 6, 2, 2),
(2, 6, 2, 7),
(2, 6, 3, 0),
(2, 6, 3, 2),
(2, 6, 3, 7),
(2, 6, 4, 0),
(2, 6, 4, 7),
(2, 6, 5, 0),
(2, 6, 5, 7),
(2, 6, 6, 0),
(2, 6, 6, 7),
(2, 6, 7, 0),
(2, 6, 7, 7),
(2, 6, 8, 0),
(2, 6, 8, 7),
(2, 6, 9, 0),
(2, 6, 9, 7),
(2, 6, 10, 0),
(2, 6, 10, 7),
(2, 6, 11, 0),
(2, 6, 11, 3),
(2, 6, 11, 4),
(2, 6, 11, 5),
(2, 6, 11, 7),
(2, 6, 12, 0),
(2, 6, 12, 3),
(2, 6, 12, 7),
(2, 6, 13, 0),
(2, 6, 13, 7),
(2, 6, 14, 0),
(2, 6, 14, 7),
(2, 6, 15, 0),
(2, 6, 15, 1),
(2, 6, 15, 2),
(2, 6, 15, 3),
(2, 6, 15, 4),
(2, 6, 15, 5),
(2, 6, 15, 6),
(2, 6, 15, 7),
(3, 6, 0, 0),
(3, 6, 0, 1),
(3, 6, 0, 2),
(3, 6, 0, 3),
(3, 6, 0, 4),
(3, 6, 0, 5),
(3, 6, 0, 6),
(3, 6, 0, 7),
(3, 6, 0, 8),
(3, 6, 0, 9),
(3, 6, 0, 10),
(3, 6, 0, 11),
(3, 6, 0, 12),
(3, 6, 0, 13),
(3, 6, 0, 14),
(3, 6, 0, 15),
(3, 6, 0, 16),
(3, 6, 1, 0),
(3, 6, 1, 1),
(3, 6, 1, 4),
(3, 6, 1, 11),
(3, 6, 1, 16),
(3, 6, 2, 0),
(3, 6, 2, 1),
(3, 6, 2, 4),
(3, 6, 2, 11),
(3, 6, 2, 16),
(3, 6, 3, 0),
(3, 6, 3, 1),
(3, 6, 3, 4),
(3, 6, 3, 11),
(3, 6, 3, 16),
(3, 6, 4, 0),
(3, 6, 4, 4),
(3, 6, 4, 11),
(3, 6, 4, 16),
(3, 6, 5, 0),
(3, 6, 5, 11),
(3, 6, 5, 16),
(3, 6, 6, 0),
(3, 6, 6, 11),
(3, 6, 6, 16),
(3, 6, 7, 0),
(3, 6, 7, 11),
(3, 6, 7, 12),
(3, 6, 7, 15),
(3, 6, 7, 16),
(3, 6, 8, 0),
(3, 6, 8, 16),
(3, 6, 9, 0),
(3, 6, 9, 16),
(3, 6, 10, 0),
(3, 6, 10, 16),
(3, 6, 11, 0),
(3, 6, 11, 16),
(3, 6, 12, 0),
(3, 6, 12, 16),
(3, 6, 13, 0),
(3, 6, 13, 16),
(3, 6, 14, 0),
(3, 6, 14, 16),
(3, 6, 15, 0),
(3, 6, 15, 16),
(3, 6, 16, 0),
(3, 6, 16, 16),
(3, 6, 17, 0),
(3, 6, 17, 16),
(3, 6, 18, 0),
(3, 6, 18, 16),
(3, 6, 19, 0),
(3, 6, 19, 16),
(3, 6, 20, 0),
(3, 6, 20, 16),
(3, 6, 21, 0),
(3, 6, 21, 16),
(3, 6, 22, 0),
(3, 6, 22, 2),
(3, 6, 22, 13),
(3, 6, 22, 16),
(3, 6, 23, 0),
(3, 6, 23, 13),
(3, 6, 23, 14),
(3, 6, 23, 16),
(3, 6, 24, 0),
(3, 6, 24, 12),
(3, 6, 24, 13),
(3, 6, 24, 14),
(3, 6, 24, 16),
(3, 6, 25, 0),
(3, 6, 25, 1),
(3, 6, 25, 2),
(3, 6, 25, 3),
(3, 6, 25, 4),
(3, 6, 25, 5),
(3, 6, 25, 6),
(3, 6, 25, 7),
(3, 6, 25, 8),
(3, 6, 25, 9),
(3, 6, 25, 10),
(3, 6, 25, 11),
(3, 6, 25, 12),
(3, 6, 25, 13),
(3, 6, 25, 14),
(3, 6, 25, 15),
(3, 6, 25, 16),
(4, 6, 0, 0),
(4, 6, 0, 1),
(4, 6, 0, 2),
(4, 6, 0, 3),
(4, 6, 0, 4),
(4, 6, 0, 5),
(4, 6, 0, 6),
(4, 6, 0, 7),
(4, 6, 0, 8),
(4, 6, 0, 9),
(4, 6, 0, 10),
(4, 6, 0, 11),
(4, 6, 0, 12),
(4, 6, 1, 0),
(4, 6, 1, 3),
(4, 6, 1, 12),
(4, 6, 2, 0),
(4, 6, 2, 3),
(4, 6, 2, 12),
(4, 6, 3, 0),
(4, 6, 3, 3),
(4, 6, 3, 12),
(4, 6, 4, 0),
(4, 6, 4, 3),
(4, 6, 4, 9),
(4, 6, 4, 10),
(4, 6, 4, 11),
(4, 6, 4, 12),
(4, 6, 5, 0),
(4, 6, 5, 3),
(4, 6, 5, 9),
(4, 6, 5, 12),
(4, 6, 6, 0),
(4, 6, 6, 3),
(4, 6, 6, 9),
(4, 6, 6, 12),
(4, 6, 7, 0),
(4, 6, 7, 3),
(4, 6, 7, 6),
(4, 6, 7, 7),
(4, 6, 7, 8),
(4, 6, 7, 9),
(4, 6, 7, 12),
(4, 6, 8, 0),
(4, 6, 8, 3),
(4, 6, 8, 6),
(4, 6, 8, 9),
(4, 6, 8, 12),
(4, 6, 9, 0),
(4, 6, 9, 3),
(4, 6, 9, 6),
(4, 6, 9, 9),
(4, 6, 9, 12),
(4, 6, 10, 0),
(4, 6, 10, 3),
(4, 6, 10, 6),
(4, 6, 10, 9),
(4, 6, 10, 12),
(4, 6, 11, 0),
(4, 6, 11, 6),
(4, 6, 11, 9),
(4, 6, 11, 12),
(4, 6, 12, 0),
(4, 6, 12, 6),
(4, 6, 12, 9),
(4, 6, 12, 12),
(4, 6, 13, 0),
(4, 6, 13, 6),
(4, 6, 13, 12),
(4, 6, 14, 0),
(4, 6, 14, 6),
(4, 6, 14, 12),
(4, 6, 15, 0),
(4, 6, 15, 2),
(4, 6, 15, 3),
(4, 6, 15, 4),
(4, 6, 15, 5),
(4, 6, 15, 6),
(4, 6, 15, 12),
(4, 6, 16, 0),
(4, 6, 16, 8),
(4, 6, 16, 9),
(4, 6, 16, 10),
(4, 6, 16, 11),
(4, 6, 16, 12),
(4, 6, 17, 0),
(4, 6, 17, 6),
(4, 6, 17, 12),
(4, 6, 18, 0),
(4, 6, 18, 1),
(4, 6, 18, 2),
(4, 6, 18, 3),
(4, 6, 18, 4),
(4, 6, 18, 5),
(4, 6, 18, 6),
(4, 6, 18, 7),
(4, 6, 18, 8),
(4, 6, 18, 9),
(4, 6, 18, 10),
(4, 6, 18, 11),
(4, 6, 18, 12),
(5, 6, 0, 0),
(5, 6, 0, 1),
(5, 6, 0, 2),
(5, 6, 0, 5),
(5, 6, 0, 6),
(5, 6, 0, 7),
(5, 6, 0, 8),
(5, 6, 0, 9),
(5, 6, 0, 10),
(5, 6, 0, 11),
(5, 6, 0, 12),
(5, 6, 0, 13),
(5, 6, 0, 14),
(5, 6, 0, 15),
(5, 6, 0, 16),
(5, 6, 1, 0),
(5, 6, 1, 13),
(5, 6, 1, 14),
(5, 6, 1, 15),
(5, 6, 1, 16),
(5, 6, 2, 0),
(5, 6, 2, 13),
(5, 6, 2, 14),
(5, 6, 2, 15),
(5, 6, 2, 16),
(5, 6, 3, 0),
(5, 6, 3, 14),
(5, 6, 3, 15),
(5, 6, 3, 16),
(5, 6, 4, 0),
(5, 6, 4, 1),
(5, 6, 4, 2),
(5, 6, 4, 7),
(5, 6, 4, 8),
(5, 6, 4, 9),
(5, 6, 4, 14),
(5, 6, 4, 15),
(5, 6, 4, 16),
(5, 6, 5, 0),
(5, 6, 5, 2),
(5, 6, 5, 6),
(5, 6, 5, 14),
(5, 6, 5, 16),
(5, 6, 6, 0),
(5, 6, 6, 2),
(5, 6, 6, 6),
(5, 6, 6, 14),
(5, 6, 6, 16),
(5, 6, 7, 0),
(5, 6, 7, 6),
(5, 6, 7, 14),
(5, 6, 7, 16),
(5, 6, 8, 0),
(5, 6, 8, 6),
(5, 6, 8, 14),
(5, 6, 8, 16),
(5, 6, 9, 0),
(5, 6, 9, 13),
(5, 6, 9, 14),
(5, 6, 9, 16),
(5, 6, 10, 0),
(5, 6, 10, 10),
(5, 6, 10, 14),
(5, 6, 10, 16),
(5, 6, 11, 0),
(5, 6, 11, 1),
(5, 6, 11, 2),
(5, 6, 11, 3),
(5, 6, 11, 4),
(5, 6, 11, 10),
(5, 6, 11, 16),
(5, 6, 12, 0),
(5, 6, 12, 5),
(5, 6, 12, 10),
(5, 6, 12, 16),
(5, 6, 13, 0),
(5, 6, 13, 5),
(5, 6, 13, 10),
(5, 6, 13, 11),
(5, 6, 13, 12),
(5, 6, 13, 13),
(5, 6, 13, 16),
(5, 6, 14, 0),
(5, 6, 14, 1),
(5, 6, 14, 2),
(5, 6, 14, 3),
(5, 6, 14, 4),
(5, 6, 14, 5),
(5, 6, 14, 6),
(5, 6, 14, 7),
(5, 6, 14, 13),
(5, 6, 14, 16),
(5, 6, 15, 0),
(5, 6, 15, 15),
(5, 6, 15, 16),
(5, 6, 16, 0),
(5, 6, 16, 8),
(5, 6, 16, 9),
(5, 6, 16, 10),
(5, 6, 16, 15),
(5, 6, 16, 16),
(5, 6, 17, 0),
(5, 6, 17, 8),
(5, 6, 17, 16),
(5, 6, 18, 0),
(5, 6, 18, 2),
(5, 6, 18, 3),
(5, 6, 18, 4),
(5, 6, 18, 8),
(5, 6, 18, 16),
(5, 6, 19, 0),
(5, 6, 19, 2),
(5, 6, 19, 4),
(5, 6, 19, 13),
(5, 6, 19, 14),
(5, 6, 19, 15),
(5, 6, 19, 16),
(5, 6, 20, 0),
(5, 6, 20, 1),
(5, 6, 20, 2),
(5, 6, 20, 13),
(5, 6, 20, 14),
(5, 6, 20, 15),
(5, 6, 20, 16),
(5, 6, 21, 0),
(5, 6, 21, 9),
(5, 6, 21, 10),
(5, 6, 21, 12),
(5, 6, 21, 13),
(5, 6, 21, 14),
(5, 6, 21, 15),
(5, 6, 21, 16),
(5, 6, 22, 0),
(5, 6, 22, 12),
(5, 6, 22, 13),
(5, 6, 22, 14),
(5, 6, 22, 15),
(5, 6, 22, 16),
(5, 6, 23, 0),
(5, 6, 23, 4),
(5, 6, 23, 9),
(5, 6, 23, 10),
(5, 6, 23, 12),
(5, 6, 23, 13),
(5, 6, 23, 14),
(5, 6, 23, 15),
(5, 6, 23, 16),
(5, 6, 24, 0),
(5, 6, 24, 1),
(5, 6, 24, 2),
(5, 6, 24, 3),
(5, 6, 24, 4),
(5, 6, 24, 5),
(5, 6, 24, 12),
(5, 6, 24, 13),
(5, 6, 24, 14),
(5, 6, 24, 15),
(5, 6, 24, 16),
(5, 6, 25, 0),
(5, 6, 25, 1),
(5, 6, 25, 2),
(5, 6, 25, 3),
(5, 6, 25, 4),
(5, 6, 25, 5),
(5, 6, 25, 6),
(5, 6, 25, 7),
(5, 6, 25, 8),
(5, 6, 25, 9),
(5, 6, 25, 10),
(5, 6, 25, 11),
(5, 6, 25, 12),
(5, 6, 25, 13),
(5, 6, 25, 14),
(5, 6, 25, 15),
(5, 6, 25, 16);

-- --------------------------------------------------------

--
-- Structure de la table `sprites`
--

DROP TABLE IF EXISTS `sprites`;
CREATE TABLE IF NOT EXISTS `sprites` (
  `id_sprite` int(11) NOT NULL AUTO_INCREMENT,
  `name` varchar(255) NOT NULL,
  `image` varchar(255) NOT NULL,
  `animation` varchar(255) NOT NULL,
  PRIMARY KEY (`id_sprite`)
) ENGINE=InnoDB AUTO_INCREMENT=7 DEFAULT CHARSET=utf8;

--
-- Déchargement des données de la table `sprites`
--

INSERT INTO `sprites` (`id_sprite`, `name`, `image`, `animation`) VALUES
(1, 'DIAMOND', 'diamond.png', 'diamond'),
(2, 'ROCK', 'rock.png', 'rock'),
(3, 'ENEMY', 'spider.png', 'enemy'),
(4, 'CHARACTER', 'miner.png', 'character'),
(5, 'DIRT', 'dirt.png', 'dirt'),
(6, 'WALL', 'wall.png', 'wall');

--
-- Contraintes pour les tables déchargées
--

--
-- Contraintes pour la table `levels_sprites`
--
ALTER TABLE `levels_sprites`
  ADD CONSTRAINT `level_sprite_level_FK` FOREIGN KEY (`id_level`) REFERENCES `levels` (`id_level`) ON DELETE NO ACTION ON UPDATE NO ACTION,
  ADD CONSTRAINT `level_sprite_sprite_FK` FOREIGN KEY (`id_sprite`) REFERENCES `sprites` (`id_sprite`) ON DELETE NO ACTION ON UPDATE NO ACTION;
COMMIT;

/*!40101 SET CHARACTER_SET_CLIENT=@OLD_CHARACTER_SET_CLIENT */;
/*!40101 SET CHARACTER_SET_RESULTS=@OLD_CHARACTER_SET_RESULTS */;
/*!40101 SET COLLATION_CONNECTION=@OLD_COLLATION_CONNECTION */;
